	resultCount	results
30	101	{'wrapperType': 'collection', 'collectionType': 'Album', 'artistId': 73568, 'collectionId': 1445098984, 'amgArtistId': 6503, 'artistName': 'Ella Fitzgerald & Louis Armstrong', 'collectionName': '20th Century Masters / The Millennium Collection: The Best of Ella Fitzgerald and Louis Armstrong', 'collectionCensoredName': '20th Century Masters / The Millennium Collection: The Best of Ella Fitzgerald and Louis Armstrong', 'artistViewUrl': 'https://music.apple.com/us/artist/ella-fitzgerald/73568?uo=4', 'collectionViewUrl': 'https://music.apple.com/us/album/20th-century-masters-the-millennium-collection-the/1445098984?uo=4', 'artworkUrl60': 'https://is1-ssl.mzstatic.com/image/thumb/Music122/v4/9f/8d/80/9f8d80f4-4087-e142-5fca-b6a155013bd3/07UMGIM06647.rgb.jpg/60x60bb.jpg', 'artworkUrl100': 'https://is1-ssl.mzstatic.com/image/thumb/Music122/v4/9f/8d/80/9f8d80f4-4087-e142-5fca-b6a155013bd3/07UMGIM06647.rgb.jpg/100x100bb.jpg', 'collectionPrice': 7.99, 'collectionExplicitness': 'notExplicit', 'trackCount': 10, 'copyright': 'A Verve Label Group Release; This Compilation ℗ 2007 UMG Recordings, Inc.', 'country': 'USA', 'currency': 'USD', 'releaseDate': '2007-06-12T07:00:00Z', 'primaryGenreName': 'Jazz'}
31	101	{'wrapperType': 'collection', 'collectionType': 'Album', 'artistId': 518462, 'collectionId': 270473182, 'amgArtistId': 52456, 'artistName': 'Louis Armstrong', 'collectionName': 'Louis Armstrong: Complete RCA Victor Recordings (Remastered)', 'collectionCensoredName': 'Louis Armstrong: Complete RCA Victor Recordings (Remastered)', 'artistViewUrl': 'https://music.apple.com/us/artist/louis-armstrong/518462?uo=4', 'collectionViewUrl': 'https://music.apple.com/us/album/louis-armstrong-complete-rca-victor-recordings-remastered/270473182?uo=4', 'artworkUrl60': 'https://is1-ssl.mzstatic.com/image/thumb/Music/46/c8/ff/mzi.gpifbfvr.jpg/60x60bb.jpg', 'artworkUrl100': 'https://is1-ssl.mzstatic.com/image/thumb/Music/46/c8/ff/mzi.gpifbfvr.jpg/100x100bb.jpg', 'collectionPrice': -1.0, 'collectionExplicitness': 'notExplicit', 'trackCount': 75, 'copyright': '℗ 1997 BMG Entertainment', 'country': 'USA', 'currency': 'USD', 'releaseDate': '1990-01-01T08:00:00Z', 'primaryGenreName': 'Jazz'}
32	101	{'wrapperType': 'collection', 'collectionType': 'Album', 'artistId': 518462, 'collectionId': 158673207, 'amgArtistId': 52456, 'artistName': 'Louis Armstrong', 'collectionName': 'Louis Armstrong: 16 Most Requested Songs', 'collectionCensoredName': 'Louis Armstrong: 16 Most Requested Songs', 'artistViewUrl': 'https://music.apple.com/us/artist/louis-armstrong/518462?uo=4', 'collectionViewUrl': 'https://music.apple.com/us/album/louis-armstrong-16-most-requested-songs/158673207?uo=4', 'artworkUrl60': 'https://is1-ssl.mzstatic.com/image/thumb/Music/56/66/7c/mzi.ccsbdfin.jpg/60x60bb.jpg', 'artworkUrl100': 'https://is1-ssl.mzstatic.com/image/thumb/Music/56/66/7c/mzi.ccsbdfin.jpg/100x100bb.jpg', 'collectionPrice': 9.99, 'collectionExplicitness': 'notExplicit', 'trackCount': 16, 'copyright': '℗ 1994 Sony Music Entertainment Inc.', 'country': 'USA', 'currency': 'USD', 'releaseDate': '1994-05-27T07:00:00Z', 'primaryGenreName': 'Jazz'}
33	101	{'wrapperType': 'collection', 'collectionType': 'Album', 'artistId': 518462, 'collectionId': 193043791, 'amgArtistId': 52456, 'artistName': 'Louis Armstrong', 'collectionName': 'The Hot Fives and Hot Sevens, Volume III', 'collectionCensoredName': 'The Hot Fives and Hot Sevens, Volume III', 'artistViewUrl': 'https://music.apple.com/us/artist/louis-armstrong/518462?uo=4', 'collectionViewUrl': 'https://music.apple.com/us/album/the-hot-fives-and-hot-sevens-volume-iii/193043791?uo=4', 'artworkUrl60': 'https://is1-ssl.mzstatic.com/image/thumb/Music/8a/e3/a3/mzi.rokwiykt.jpg/60x60bb.jpg', 'artworkUrl100': 'https://is1-ssl.mzstatic.com/image/thumb/Music/8a/e3/a3/mzi.rokwiykt.jpg/100x100bb.jpg', 'collectionPrice': 9.99, 'collectionExplicitness': 'notExplicit', 'trackCount': 16, 'copyright': '℗ 1989 CBS RECORDS INC.', 'country': 'USA', 'currency': 'USD', 'releaseDate': '1989-03-24T08:00:00Z', 'primaryGenreName': 'Jazz'}
34	101	{'wrapperType': 'collection', 'collectionType': 'Album', 'artistId': 518462, 'collectionId': 1443885095, 'amgArtistId': 52456, 'artistName': 'Louis Armstrong', 'collectionName': 'Louis And The Good Book (Expanded Edition) [feat. Sy Oliver Choir & The All Stars]', 'collectionCensoredName': 'Louis And The Good Book (Expanded Edition) [feat. Sy Oliver Choir & The All Stars]', 'artistViewUrl': 'https://music.apple.com/us/artist/louis-armstrong/518462?uo=4', 'collectionViewUrl': 'https://music.apple.com/us/album/louis-and-the-good-book-expanded-edition-feat-sy/1443885095?uo=4', 'artworkUrl60': 'https://is1-ssl.mzstatic.com/image/thumb/Music113/v4/db/02/17/db021720-b9c4-5567-a19b-74a3a2b22e23/06UMGIM07578.rgb.jpg/60x60bb.jpg', 'artworkUrl100': 'https://is1-ssl.mzstatic.com/image/thumb/Music113/v4/db/02/17/db021720-b9c4-5567-a19b-74a3a2b22e23/06UMGIM07578.rgb.jpg/100x100bb.jpg', 'collectionPrice': 9.99, 'collectionExplicitness': 'notExplicit', 'trackCount': 20, 'copyright': '℗ 2001 The Verve Music Group, a Division of UMG Recordings, Inc.', 'country': 'USA', 'currency': 'USD', 'releaseDate': '1958-01-01T08:00:00Z', 'primaryGenreName': 'Jazz'}
35	101	{'wrapperType': 'collection', 'collectionType': 'Album', 'artistId': 518462, 'collectionId': 1445962080, 'amgArtistId': 52456, 'artistName': 'Louis Armstrong', 'collectionName': 'The Definitive Collection', 'collectionCensoredName': 'The Definitive Collection', 'artistViewUrl': 'https://music.apple.com/us/artist/louis-armstrong/518462?uo=4', 'collectionViewUrl': 'https://music.apple.com/us/album/the-definitive-collection/1445962080?uo=4', 'artworkUrl60': 'https://is1-ssl.mzstatic.com/image/thumb/Music126/v4/4b/97/19/4b97196f-dc07-da4f-c4ec-23ebcc8a2a2e/06UMGIM12568.rgb.jpg/60x60bb.jpg', 'artworkUrl100': 'https://is1-ssl.mzstatic.com/image/thumb/Music126/v4/4b/97/19/4b97196f-dc07-da4f-c4ec-23ebcc8a2a2e/06UMGIM12568.rgb.jpg/100x100bb.jpg', 'collectionPrice': 12.99, 'collectionExplicitness': 'notExplicit', 'trackCount': 23, 'copyright': 'A Universal Music Enterprises Release; This Compilation ℗ 2006 UMG Recordings, Inc.', 'country': 'USA', 'currency': 'USD', 'releaseDate': '2006-01-24T08:00:00Z', 'primaryGenreName': 'Jazz'}
36	101	{'wrapperType': 'collection', 'collectionType': 'Album', 'artistId': 518462, 'collectionId': 198154274, 'amgArtistId': 52456, 'artistName': 'Louis Armstrong', 'collectionName': 'The Hot Fives and Hot Sevens - Volume II', 'collectionCensoredName': 'The Hot Fives and Hot Sevens - Volume II', 'artistViewUrl': 'https://music.apple.com/us/artist/louis-armstrong/518462?uo=4', 'collectionViewUrl': 'https://music.apple.com/us/album/the-hot-fives-and-hot-sevens-volume-ii/198154274?uo=4', 'artworkUrl60': 'https://is1-ssl.mzstatic.com/image/thumb/Features/a0/39/18/dj.yzxzouhk.jpg/60x60bb.jpg', 'artworkUrl100': 'https://is1-ssl.mzstatic.com/image/thumb/Features/a0/39/18/dj.yzxzouhk.jpg/100x100bb.jpg', 'collectionPrice': 9.99, 'collectionExplicitness': 'notExplicit', 'trackCount': 16, 'copyright': '℗ Originally Released 1926, 1927 SONY BMG MUSIC ENTERTAINMENT', 'country': 'USA', 'currency': 'USD', 'releaseDate': '1988-08-30T07:00:00Z', 'primaryGenreName': 'Jazz'}
37	101	{'wrapperType': 'collection', 'collectionType': 'Album', 'artistId': 518462, 'collectionId': 1422000964, 'amgArtistId': 52456, 'artistName': 'Louis Armstrong', 'collectionName': 'Hello, Dolly! (Remastered)', 'collectionCensoredName': 'Hello, Dolly! (Remastered)', 'artistViewUrl': 'https://music.apple.com/us/artist/louis-armstrong/518462?uo=4', 'collectionViewUrl': 'https://music.apple.com/us/album/hello-dolly-remastered/1422000964?uo=4', 'artworkUrl60': 'https://is1-ssl.mzstatic.com/image/thumb/Music118/v4/d5/e4/d3/d5e4d368-71bd-d5c6-e048-d2588168e151/00602567832645.rgb.jpg/60x60bb.jpg', 'artworkUrl100': 'https://is1-ssl.mzstatic.com/image/thumb/Music118/v4/d5/e4/d3/d5e4d368-71bd-d5c6-e048-d2588168e151/00602567832645.rgb.jpg/100x100bb.jpg', 'collectionPrice': 9.99, 'collectionExplicitness': 'notExplicit', 'trackCount': 12, 'copyright': 'A Verve Label Group release; ℗ 1964 UMG Recordings, Inc.', 'country': 'USA', 'currency': 'USD', 'releaseDate': '1964-10-25T07:00:00Z', 'primaryGenreName': 'Jazz'}
38	101	{'wrapperType': 'collection', 'collectionType': 'Album', 'artistId': 518462, 'collectionId': 185583127, 'amgArtistId': 52456, 'artistName': 'Louis Armstrong', 'collectionName': 'Stardust', 'collectionCensoredName': 'Stardust', 'artistViewUrl': 'https://music.apple.com/us/artist/louis-armstrong/518462?uo=4', 'collectionViewUrl': 'https://music.apple.com/us/album/stardust/185583127?uo=4', 'artworkUrl60': 'https://is1-ssl.mzstatic.com/image/thumb/Music/ea/a4/4f/mzi.hgjrbnnn.jpg/60x60bb.jpg', 'artworkUrl100': 'https://is1-ssl.mzstatic.com/image/thumb/Music/ea/a4/4f/mzi.hgjrbnnn.jpg/100x100bb.jpg', 'collectionPrice': 9.99, 'collectionExplicitness': 'notExplicit', 'trackCount': 16, 'copyright': '℗ Originally released 1930, 1931, 1932 Sony Music Entertainment Inc.', 'country': 'USA', 'currency': 'USD', 'releaseDate': '1988-09-16T07:00:00Z', 'primaryGenreName': 'Jazz'}
39	101	{'wrapperType': 'collection', 'collectionType': 'Album', 'artistId': 518462, 'collectionId': 1507255091, 'amgArtistId': 52456, 'artistName': 'Louis Armstrong', 'collectionName': 'Satchmo: The Decca and Verve Years 1924-1967', 'collectionCensoredName': 'Satchmo: The Decca and Verve Years 1924-1967', 'artistViewUrl': 'https://music.apple.com/us/artist/louis-armstrong/518462?uo=4', 'collectionViewUrl': 'https://music.apple.com/us/album/satchmo-the-decca-and-verve-years-1924-1967/1507255091?uo=4', 'artworkUrl60': 'https://is1-ssl.mzstatic.com/image/thumb/Music124/v4/8f/1a/15/8f1a1572-dbd0-63d9-5930-b037e5f50558/20UMGIM04985.rgb.jpg/60x60bb.jpg', 'artworkUrl100': 'https://is1-ssl.mzstatic.com/image/thumb/Music124/v4/8f/1a/15/8f1a1572-dbd0-63d9-5930-b037e5f50558/20UMGIM04985.rgb.jpg/100x100bb.jpg', 'collectionPrice': 29.99, 'collectionExplicitness': 'notExplicit', 'trackCount': 64, 'copyright': 'A Verve Label Group Release; This Compilation ℗ 2020 UMG Recordings, Inc.', 'country': 'USA', 'currency': 'USD', 'releaseDate': '2020-04-17T07:00:00Z', 'primaryGenreName': 'Jazz'}
40	101	{'wrapperType': 'collection', 'collectionType': 'Album', 'artistId': 518462, 'collectionId': 1445668547, 'amgArtistId': 52456, 'artistName': 'Louis Armstrong', 'collectionName': 'Louis Armstrong: Highlights from His Decca Years (The Original Decca Recordings)', 'collectionCensoredName': 'Louis Armstrong: Highlights from His Decca Years (The Original Decca Recordings)', 'artistViewUrl': 'https://music.apple.com/us/artist/louis-armstrong/518462?uo=4', 'collectionViewUrl': 'https://music.apple.com/us/album/louis-armstrong-highlights-from-his-decca-years-the/1445668547?uo=4', 'artworkUrl60': 'https://is1-ssl.mzstatic.com/image/thumb/Music122/v4/4e/94/ba/4e94ba92-463f-b37e-37d9-9f543b9700c4/06UMGIM03781.rgb.jpg/60x60bb.jpg', 'artworkUrl100': 'https://is1-ssl.mzstatic.com/image/thumb/Music122/v4/4e/94/ba/4e94ba92-463f-b37e-37d9-9f543b9700c4/06UMGIM03781.rgb.jpg/100x100bb.jpg', 'collectionPrice': 16.99, 'collectionExplicitness': 'notExplicit', 'trackCount': 36, 'copyright': 'This Compilation ℗ 1994 UMG Recordings, Inc.', 'country': 'USA', 'currency': 'USD', 'releaseDate': '1994-01-01T08:00:00Z', 'primaryGenreName': 'Jazz'}
41	101	{'wrapperType': 'collection', 'collectionType': 'Album', 'artistId': 2815301, 'collectionId': 1444100500, 'amgArtistId': 7257, 'artistName': 'King Oliver & Louis Armstrong', 'collectionName': 'Louis Armstrong and King Oliver', 'collectionCensoredName': 'Louis Armstrong and King Oliver', 'artistViewUrl': 'https://music.apple.com/us/artist/king-oliver/2815301?uo=4', 'collectionViewUrl': 'https://music.apple.com/us/album/louis-armstrong-and-king-oliver/1444100500?uo=4', 'artworkUrl60': 'https://is1-ssl.mzstatic.com/image/thumb/Music118/v4/6b/e2/8b/6be28bcc-dd45-0b14-ab26-a9640e8b5e45/00025218471725.rgb.jpg/60x60bb.jpg', 'artworkUrl100': 'https://is1-ssl.mzstatic.com/image/thumb/Music118/v4/6b/e2/8b/6be28bcc-dd45-0b14-ab26-a9640e8b5e45/00025218471725.rgb.jpg/100x100bb.jpg', 'collectionPrice': 11.99, 'collectionExplicitness': 'notExplicit', 'trackCount': 25, 'copyright': 'This Compilation ℗ 1992 Fantasy, Inc.', 'country': 'USA', 'currency': 'USD', 'releaseDate': '1974-01-01T00:00:00Z', 'primaryGenreName': 'Jazz'}
42	101	{'wrapperType': 'collection', 'collectionType': 'Album', 'artistId': 518462, 'collectionId': 1757012922, 'amgArtistId': 52456, 'artistName': 'Louis Armstrong', 'collectionName': 'Wonderful World: The Best Of Louis Armstrong', 'collectionCensoredName': 'Wonderful World: The Best Of Louis Armstrong', 'artistViewUrl': 'https://music.apple.com/us/artist/louis-armstrong/518462?uo=4', 'collectionViewUrl': 'https://music.apple.com/us/album/wonderful-world-the-best-of-louis-armstrong/1757012922?uo=4', 'artworkUrl60': 'https://is1-ssl.mzstatic.com/image/thumb/Music211/v4/0e/d6/25/0ed62577-9082-3b1d-2719-b95d12b80081/24UMGIM76242.rgb.jpg/60x60bb.jpg', 'artworkUrl100': 'https://is1-ssl.mzstatic.com/image/thumb/Music211/v4/0e/d6/25/0ed62577-9082-3b1d-2719-b95d12b80081/24UMGIM76242.rgb.jpg/100x100bb.jpg', 'collectionExplicitness': 'notExplicit', 'trackCount': 13, 'copyright': 'A Verve Records / UMe Release.; This Compilation ℗ 2024 Verve Label Group, a Division of UMG Recordings, Inc.', 'country': 'USA', 'currency': 'USD', 'releaseDate': '2024-09-13T07:00:00Z', 'primaryGenreName': 'Jazz'}
43	101	{'wrapperType': 'collection', 'collectionType': 'Album', 'artistId': 518462, 'collectionId': 1430170339, 'amgArtistId': 52456, 'artistName': 'Louis Armstrong', 'collectionName': 'Hello Louis: The Hit Years (1963-1969)', 'collectionCensoredName': 'Hello Louis: The Hit Years (1963-1969)', 'artistViewUrl': 'https://music.apple.com/us/artist/louis-armstrong/518462?uo=4', 'collectionViewUrl': 'https://music.apple.com/us/album/hello-louis-the-hit-years-1963-1969/1430170339?uo=4', 'artworkUrl60': 'https://is1-ssl.mzstatic.com/image/thumb/Music116/v4/08/61/8f/08618f58-0645-6916-248d-4e179a23cc15/10UMGIM18453.rgb.jpg/60x60bb.jpg', 'artworkUrl100': 'https://is1-ssl.mzstatic.com/image/thumb/Music116/v4/08/61/8f/08618f58-0645-6916-248d-4e179a23cc15/10UMGIM18453.rgb.jpg/100x100bb.jpg', 'collectionPrice': 19.99, 'collectionExplicitness': 'notExplicit', 'trackCount': 39, 'copyright': 'This Compilation ℗ 2010 The Verve Music Group, a Division of UMG Recordings, Inc.', 'country': 'USA', 'currency': 'USD', 'releaseDate': '2010-01-01T08:00:00Z', 'primaryGenreName': 'Jazz'}
44	101	{'wrapperType': 'collection', 'collectionType': 'Album', 'artistId': 518462, 'collectionId': 203794047, 'amgArtistId': 52456, 'artistName': 'Louis Armstrong & The Louis Armstrong Orchestra', 'collectionName': 'Love Songs', 'collectionCensoredName': 'Love Songs', 'artistViewUrl': 'https://music.apple.com/us/artist/louis-armstrong/518462?uo=4', 'collectionViewUrl': 'https://music.apple.com/us/album/love-songs/203794047?uo=4', 'artworkUrl60': 'https://is1-ssl.mzstatic.com/image/thumb/Music/5d/bd/2a/mzi.jiesygla.jpg/60x60bb.jpg', 'artworkUrl100': 'https://is1-ssl.mzstatic.com/image/thumb/Music/5d/bd/2a/mzi.jiesygla.jpg/100x100bb.jpg', 'collectionPrice': 9.99, 'collectionExplicitness': 'notExplicit', 'trackCount': 15, 'copyright': '℗ Originally Released 1930, 1953, 1955, 1962, 1967, 1982/ (P) 2000 SONY BMG MUSIC ENTERTAINMENT', 'country': 'USA', 'currency': 'USD', 'releaseDate': '2000-01-01T08:00:00Z', 'primaryGenreName': 'Jazz'}
45	101	{'wrapperType': 'collection', 'collectionType': 'Album', 'artistId': 73568, 'collectionId': 1425173241, 'amgArtistId': 6503, 'artistName': 'Ella Fitzgerald & Louis Armstrong', 'collectionName': 'Our Love Is Here To Stay: Ella & Louis Sing Gershwin', 'collectionCensoredName': 'Our Love Is Here To Stay: Ella & Louis Sing Gershwin', 'artistViewUrl': 'https://music.apple.com/us/artist/ella-fitzgerald/73568?uo=4', 'collectionViewUrl': 'https://music.apple.com/us/album/our-love-is-here-to-stay-ella-louis-sing-gershwin/1425173241?uo=4', 'artworkUrl60': 'https://is1-ssl.mzstatic.com/image/thumb/Music122/v4/b1/ae/c1/b1aec172-8337-4261-f8fc-0ba7a1a6cf71/06UMGIM08156.rgb.jpg/60x60bb.jpg', 'artworkUrl100': 'https://is1-ssl.mzstatic.com/image/thumb/Music122/v4/b1/ae/c1/b1aec172-8337-4261-f8fc-0ba7a1a6cf71/06UMGIM08156.rgb.jpg/100x100bb.jpg', 'collectionPrice': 9.99, 'collectionExplicitness': 'notExplicit', 'trackCount': 16, 'copyright': 'A Verve Label Group release; This Compilation ℗ 1998 UMG Recordings, Inc.', 'country': 'USA', 'currency': 'USD', 'releaseDate': '1998-01-23T08:00:00Z', 'primaryGenreName': 'Jazz'}
46	101	{'wrapperType': 'collection', 'collectionType': 'Album', 'artistId': 518462, 'collectionId': 1444127009, 'amgArtistId': 52456, 'artistName': 'Louis Armstrong', 'collectionName': 'The Best of the Decca Years, Vol. 1 - The Singer', 'collectionCensoredName': 'The Best of the Decca Years, Vol. 1 - The Singer', 'artistViewUrl': 'https://music.apple.com/us/artist/louis-armstrong/518462?uo=4', 'collectionViewUrl': 'https://music.apple.com/us/album/the-best-of-the-decca-years-vol-1-the-singer/1444127009?uo=4', 'artworkUrl60': 'https://is1-ssl.mzstatic.com/image/thumb/Music112/v4/63/08/9b/63089bf1-2cb6-7de2-c9f6-603bfcafdb81/06UMGIM00892.rgb.jpg/60x60bb.jpg', 'artworkUrl100': 'https://is1-ssl.mzstatic.com/image/thumb/Music112/v4/63/08/9b/63089bf1-2cb6-7de2-c9f6-603bfcafdb81/06UMGIM00892.rgb.jpg/100x100bb.jpg', 'collectionPrice': 7.99, 'collectionExplicitness': 'notExplicit', 'trackCount': 13, 'copyright': 'This Compilation ℗ 1989 UMG Recordings, Inc.', 'country': 'USA', 'currency': 'USD', 'releaseDate': '1989-01-01T08:00:00Z', 'primaryGenreName': 'Jazz'}
47	101	{'wrapperType': 'collection', 'collectionType': 'Album', 'artistId': 518462, 'collectionId': 1443898502, 'amgArtistId': 52456, 'artistName': 'Louis Armstrong', 'collectionName': 'Satchmo Serenades', 'collectionCensoredName': 'Satchmo Serenades', 'artistViewUrl': 'https://music.apple.com/us/artist/louis-armstrong/518462?uo=4', 'collectionViewUrl': 'https://music.apple.com/us/album/satchmo-serenades/1443898502?uo=4', 'artworkUrl60': 'https://is1-ssl.mzstatic.com/image/thumb/Music122/v4/2a/6d/0b/2a6d0bdc-7177-987a-b0be-1d5f3ad98dfb/06UMGIM72672.rgb.jpg/60x60bb.jpg', 'artworkUrl100': 'https://is1-ssl.mzstatic.com/image/thumb/Music122/v4/2a/6d/0b/2a6d0bdc-7177-987a-b0be-1d5f3ad98dfb/06UMGIM72672.rgb.jpg/100x100bb.jpg', 'collectionPrice': 9.99, 'collectionExplicitness': 'notExplicit', 'trackCount': 18, 'copyright': 'This Compilation ℗ 2000 The Verve Music Group, a Division of UMG Recordings, Inc.', 'country': 'USA', 'currency': 'USD', 'releaseDate': '1952-04-01T08:00:00Z', 'primaryGenreName': 'Jazz'}
48	101	{'wrapperType': 'collection', 'collectionType': 'Album', 'artistId': 518462, 'collectionId': 293785408, 'amgArtistId': 52456, 'artistName': 'Louis Armstrong', 'collectionName': 'The Complete Hot Five and Hot Seven Recordings, Vol. 1', 'collectionCensoredName': 'The Complete Hot Five and Hot Seven Recordings, Vol. 1', 'artistViewUrl': 'https://music.apple.com/us/artist/louis-armstrong/518462?uo=4', 'collectionViewUrl': 'https://music.apple.com/us/album/the-complete-hot-five-and-hot-seven-recordings-vol-1/293785408?uo=4', 'artworkUrl60': 'https://is1-ssl.mzstatic.com/image/thumb/Music5/v4/50/7c/fc/507cfcf4-6e01-bb97-b11d-4ca44b297365/dj.lclmweis.jpg/60x60bb.jpg', 'artworkUrl100': 'https://is1-ssl.mzstatic.com/image/thumb/Music5/v4/50/7c/fc/507cfcf4-6e01-bb97-b11d-4ca44b297365/dj.lclmweis.jpg/100x100bb.jpg', 'collectionPrice': 9.99, 'collectionExplicitness': 'notExplicit', 'trackCount': 20, 'copyright': '℗ Originally Released 1925, 1926, (P) 2003 Sony Music Entertainment Inc.', 'country': 'USA', 'currency': 'USD', 'releaseDate': '2003-04-29T07:00:00Z', 'primaryGenreName': 'Jazz'}
49	101	{'wrapperType': 'collection', 'collectionType': 'Album', 'artistId': 25687, 'collectionId': 716211198, 'amgArtistId': 3094, 'artistName': 'Bing Crosby & Louis Armstrong', 'collectionName': 'Bing & Satchmo', 'collectionCensoredName': 'Bing & Satchmo', 'artistViewUrl': 'https://music.apple.com/us/artist/bing-crosby/25687?uo=4', 'collectionViewUrl': 'https://music.apple.com/us/album/bing-satchmo/716211198?uo=4', 'artworkUrl60': 'https://is1-ssl.mzstatic.com/image/thumb/Music4/v4/0b/b5/cd/0bb5cdde-b569-ede4-beff-798ae6c4b26f/05099968641757.jpg/60x60bb.jpg', 'artworkUrl100': 'https://is1-ssl.mzstatic.com/image/thumb/Music4/v4/0b/b5/cd/0bb5cdde-b569-ede4-beff-798ae6c4b26f/05099968641757.jpg/100x100bb.jpg', 'collectionPrice': 9.99, 'collectionExplicitness': 'notExplicit', 'trackCount': 12, 'copyright': 'This Compilation ℗ 2008 Capitol Records, LLC', 'country': 'USA', 'currency': 'USD', 'releaseDate': '1960-10-01T08:00:00Z', 'primaryGenreName': 'Vocal'}
50	101	{'wrapperType': 'collection', 'collectionType': 'Album', 'artistId': 518462, 'collectionId': 1509083555, 'amgArtistId': 52456, 'artistName': 'Louis Armstrong', 'collectionName': 'Gold', 'collectionCensoredName': 'Gold', 'artistViewUrl': 'https://music.apple.com/us/artist/louis-armstrong/518462?uo=4', 'collectionViewUrl': 'https://music.apple.com/us/album/gold/1509083555?uo=4', 'artworkUrl60': 'https://is1-ssl.mzstatic.com/image/thumb/Music116/v4/70/e4/9a/70e49a08-6295-fe83-c883-67e1b57a4c41/06UMGIM17463.rgb.jpg/60x60bb.jpg', 'artworkUrl100': 'https://is1-ssl.mzstatic.com/image/thumb/Music116/v4/70/e4/9a/70e49a08-6295-fe83-c883-67e1b57a4c41/06UMGIM17463.rgb.jpg/100x100bb.jpg', 'collectionPrice': 19.99, 'collectionExplicitness': 'notExplicit', 'trackCount': 40, 'copyright': 'This Compilation ℗ 2006 UMG Recordings, Inc.', 'country': 'USA', 'currency': 'USD', 'releaseDate': '2006-09-19T07:00:00Z', 'primaryGenreName': 'Jazz'}
51	101	{'wrapperType': 'collection', 'collectionType': 'Album', 'artistId': 518462, 'collectionId': 457269138, 'amgArtistId': 52456, 'artistName': 'Louis Armstrong and His All-Stars', 'collectionName': 'Satch Plays Fats', 'collectionCensoredName': 'Satch Plays Fats', 'artistViewUrl': 'https://music.apple.com/us/artist/louis-armstrong/518462?uo=4', 'collectionViewUrl': 'https://music.apple.com/us/album/satch-plays-fats/457269138?uo=4', 'artworkUrl60': 'https://is1-ssl.mzstatic.com/image/thumb/Music126/v4/3b/5a/87/3b5a8725-9c0a-8dca-0fea-b64228a0ed37/dj.nvrgmsmu.jpg/60x60bb.jpg', 'artworkUrl100': 'https://is1-ssl.mzstatic.com/image/thumb/Music126/v4/3b/5a/87/3b5a8725-9c0a-8dca-0fea-b64228a0ed37/dj.nvrgmsmu.jpg/100x100bb.jpg', 'collectionPrice': 7.99, 'collectionExplicitness': 'notExplicit', 'trackCount': 9, 'copyright': '℗ 1986 Sony Music Entertainment Inc.', 'country': 'USA', 'currency': 'USD', 'releaseDate': '1955-06-01T07:00:00Z', 'primaryGenreName': 'Jazz'}
52	101	"{'wrapperType': 'collection', 'collectionType': 'Album', 'artistId': 518462, 'collectionId': 198229298, 'amgArtistId': 52456, 'artistName': 'Louis Armstrong', 'collectionName': ""You're Driving Me Crazy (1930-1931), Vol. 7"", 'collectionCensoredName': ""You're Driving Me Crazy (1930-1931), Vol. 7"", 'artistViewUrl': 'https://music.apple.com/us/artist/louis-armstrong/518462?uo=4', 'collectionViewUrl': 'https://music.apple.com/us/album/youre-driving-me-crazy-1930-1931-vol-7/198229298?uo=4', 'artworkUrl60': 'https://is1-ssl.mzstatic.com/image/thumb/Music/c6/be/90/mzi.nzksavcx.jpg/60x60bb.jpg', 'artworkUrl100': 'https://is1-ssl.mzstatic.com/image/thumb/Music/c6/be/90/mzi.nzksavcx.jpg/100x100bb.jpg', 'collectionPrice': 9.99, 'collectionExplicitness': 'notExplicit', 'trackCount': 18, 'copyright': '℗ 1993 Sony Music Entertainment Inc.', 'country': 'USA', 'currency': 'USD', 'releaseDate': '1993-04-02T08:00:00Z', 'primaryGenreName': 'Jazz'}"
53	101	"{'wrapperType': 'collection', 'collectionType': 'Album', 'artistId': 936963, 'collectionId': 405529503, 'artistName': ""King Oliver's Creole Jazz Band"", 'collectionName': 'Editio Princeps', 'collectionCensoredName': 'Editio Princeps', 'artistViewUrl': 'https://music.apple.com/us/artist/king-olivers-creole-jazz-band/936963?uo=4', 'collectionViewUrl': 'https://music.apple.com/us/album/editio-princeps/405529503?uo=4', 'artworkUrl60': 'https://is1-ssl.mzstatic.com/image/thumb/Music/cf/40/87/mzi.kzsoibsx.jpg/60x60bb.jpg', 'artworkUrl100': 'https://is1-ssl.mzstatic.com/image/thumb/Music/cf/40/87/mzi.kzsoibsx.jpg/100x100bb.jpg', 'collectionPrice': 5.99, 'collectionExplicitness': 'notExplicit', 'trackCount': 39, 'copyright': '℗ 2010 Vintage Records', 'country': 'USA', 'currency': 'USD', 'releaseDate': '2010-11-19T08:00:00Z', 'primaryGenreName': 'Jazz'}"
54	101	{'wrapperType': 'collection', 'collectionType': 'Album', 'artistId': 518462, 'collectionId': 169733658, 'amgArtistId': 52456, 'artistName': 'Louis Armstrong', 'collectionName': 'Satchmo the Great', 'collectionCensoredName': 'Satchmo the Great', 'artistViewUrl': 'https://music.apple.com/us/artist/louis-armstrong/518462?uo=4', 'collectionViewUrl': 'https://music.apple.com/us/album/satchmo-the-great/169733658?uo=4', 'artworkUrl60': 'https://is1-ssl.mzstatic.com/image/thumb/Music/7d/7a/c2/mzi.xbnzhjmr.jpg/60x60bb.jpg', 'artworkUrl100': 'https://is1-ssl.mzstatic.com/image/thumb/Music/7d/7a/c2/mzi.xbnzhjmr.jpg/100x100bb.jpg', 'collectionPrice': 9.99, 'collectionExplicitness': 'notExplicit', 'trackCount': 26, 'copyright': '℗ Originally Released 1957, Originally Recorded 1957, (P) 1980, 2000 Sony Music Entertainment Inc.', 'country': 'USA', 'currency': 'USD', 'releaseDate': '1956-01-01T00:00:00Z', 'primaryGenreName': 'Jazz'}
55	101	{'wrapperType': 'collection', 'collectionType': 'Album', 'artistId': 518462, 'collectionId': 1360037655, 'amgArtistId': 52456, 'artistName': 'Louis Armstrong', 'collectionName': 'Pops Is Tops: The Verve Studio Albums', 'collectionCensoredName': 'Pops Is Tops: The Verve Studio Albums', 'artistViewUrl': 'https://music.apple.com/us/artist/louis-armstrong/518462?uo=4', 'collectionViewUrl': 'https://music.apple.com/us/album/pops-is-tops-the-verve-studio-albums/1360037655?uo=4', 'artworkUrl60': 'https://is1-ssl.mzstatic.com/image/thumb/Music118/v4/bb/b1/52/bbb15291-9b70-8725-55b6-ccbcf93fc8a8/00602567557555.rgb.jpg/60x60bb.jpg', 'artworkUrl100': 'https://is1-ssl.mzstatic.com/image/thumb/Music118/v4/bb/b1/52/bbb15291-9b70-8725-55b6-ccbcf93fc8a8/00602567557555.rgb.jpg/100x100bb.jpg', 'collectionPrice': 34.99, 'collectionExplicitness': 'notExplicit', 'trackCount': 72, 'copyright': 'A Verve Records release; This Compilation ℗ 2018 UMG Recordings, Inc.', 'country': 'USA', 'currency': 'USD', 'releaseDate': '2018-04-13T07:00:00Z', 'primaryGenreName': 'Jazz'}
56	101	{'wrapperType': 'collection', 'collectionType': 'Album', 'artistId': 518462, 'collectionId': 912342163, 'amgArtistId': 52456, 'artistName': 'Louis Armstrong & Duke Ellington', 'collectionName': 'The Great Reunion', 'collectionCensoredName': 'The Great Reunion', 'artistViewUrl': 'https://music.apple.com/us/artist/louis-armstrong/518462?uo=4', 'collectionViewUrl': 'https://music.apple.com/us/album/the-great-reunion/912342163?uo=4', 'artworkUrl60': 'https://is1-ssl.mzstatic.com/image/thumb/Music125/v4/40/40/aa/4040aad6-6b09-c4ea-1112-9756846ee65b/825646223749.jpg/60x60bb.jpg', 'artworkUrl100': 'https://is1-ssl.mzstatic.com/image/thumb/Music125/v4/40/40/aa/4040aad6-6b09-c4ea-1112-9756846ee65b/825646223749.jpg/100x100bb.jpg', 'collectionPrice': 8.99, 'collectionExplicitness': 'notExplicit', 'trackCount': 7, 'copyright': '℗ 1963 Parlophone Records Ltd, a Warner Music Group Company', 'country': 'USA', 'currency': 'USD', 'releaseDate': '1961-06-01T07:00:00Z', 'primaryGenreName': 'Jazz'}
57	101	{'wrapperType': 'collection', 'collectionType': 'Album', 'artistId': 518462, 'collectionId': 193044433, 'amgArtistId': 52456, 'artistName': 'Louis Armstrong', 'collectionName': 'Vol. 6 St. Louis Blues', 'collectionCensoredName': 'Vol. 6 St. Louis Blues', 'artistViewUrl': 'https://music.apple.com/us/artist/louis-armstrong/518462?uo=4', 'collectionViewUrl': 'https://music.apple.com/us/album/vol-6-st-louis-blues/193044433?uo=4', 'artworkUrl60': 'https://is1-ssl.mzstatic.com/image/thumb/Music/e5/ff/ed/mzi.skoqniyp.jpg/60x60bb.jpg', 'artworkUrl100': 'https://is1-ssl.mzstatic.com/image/thumb/Music/e5/ff/ed/mzi.skoqniyp.jpg/100x100bb.jpg', 'collectionPrice': 9.99, 'collectionExplicitness': 'notExplicit', 'trackCount': 23, 'copyright': '℗ 1991 SONY BMG MUSIC ENTERTAINMENT', 'country': 'USA', 'currency': 'USD', 'releaseDate': '1991-03-22T08:00:00Z', 'primaryGenreName': 'Jazz'}
58	101	{'wrapperType': 'collection', 'collectionType': 'Album', 'artistId': 518462, 'collectionId': 1438461176, 'amgArtistId': 52456, 'artistName': 'Louis Armstrong', 'collectionName': 'Satchmo Sings', 'collectionCensoredName': 'Satchmo Sings', 'artistViewUrl': 'https://music.apple.com/us/artist/louis-armstrong/518462?uo=4', 'collectionViewUrl': 'https://music.apple.com/us/album/satchmo-sings/1438461176?uo=4', 'artworkUrl60': 'https://is1-ssl.mzstatic.com/image/thumb/Music122/v4/93/3e/c4/933ec4c1-9b7c-154c-1e70-58b8860b266c/18UMGIM63765.rgb.jpg/60x60bb.jpg', 'artworkUrl100': 'https://is1-ssl.mzstatic.com/image/thumb/Music122/v4/93/3e/c4/933ec4c1-9b7c-154c-1e70-58b8860b266c/18UMGIM63765.rgb.jpg/100x100bb.jpg', 'collectionPrice': 9.99, 'collectionExplicitness': 'notExplicit', 'trackCount': 12, 'copyright': 'A Verve Label Group Release; This Compilation ℗ 1955 UMG Recordings, Inc.', 'country': 'USA', 'currency': 'USD', 'releaseDate': '1955-01-01T08:00:00Z', 'primaryGenreName': 'Jazz'}
59	101	{'wrapperType': 'collection', 'collectionType': 'Album', 'artistId': 518462, 'collectionId': 1445667326, 'amgArtistId': 52456, 'artistName': 'Louis Armstrong', 'collectionName': 'The California Concerts (Live)', 'collectionCensoredName': 'The California Concerts (Live)', 'artistViewUrl': 'https://music.apple.com/us/artist/louis-armstrong/518462?uo=4', 'collectionViewUrl': 'https://music.apple.com/us/album/the-california-concerts-live/1445667326?uo=4', 'artworkUrl60': 'https://is1-ssl.mzstatic.com/image/thumb/Music122/v4/67/c1/8c/67c18c9a-1a1b-c88f-e805-9e6900091885/06UMGIM03787.rgb.jpg/60x60bb.jpg', 'artworkUrl100': 'https://is1-ssl.mzstatic.com/image/thumb/Music122/v4/67/c1/8c/67c18c9a-1a1b-c88f-e805-9e6900091885/06UMGIM03787.rgb.jpg/100x100bb.jpg', 'collectionPrice': 29.99, 'collectionExplicitness': 'notExplicit', 'trackCount': 59, 'copyright': 'This Compilation ℗ 1992 UMG Recordings, Inc.', 'country': 'USA', 'currency': 'USD', 'releaseDate': '1992-01-01T08:00:00Z', 'primaryGenreName': 'Jazz'}
60	101	{'wrapperType': 'collection', 'collectionType': 'Album', 'artistId': 518462, 'collectionId': 1444083375, 'amgArtistId': 52456, 'artistName': 'Louis Armstrong', 'collectionName': 'Satchmo in Style (Bonus Track) [with Gordon Jenkins]', 'collectionCensoredName': 'Satchmo in Style (Bonus Track) [with Gordon Jenkins]', 'artistViewUrl': 'https://music.apple.com/us/artist/louis-armstrong/518462?uo=4', 'collectionViewUrl': 'https://music.apple.com/us/album/satchmo-in-style-bonus-track-with-gordon-jenkins/1444083375?uo=4', 'artworkUrl60': 'https://is1-ssl.mzstatic.com/image/thumb/Music124/v4/04/86/25/048625bb-80b4-a0e1-2ab0-ec27c17855b3/06UMGIM06926.rgb.jpg/60x60bb.jpg', 'artworkUrl100': 'https://is1-ssl.mzstatic.com/image/thumb/Music124/v4/04/86/25/048625bb-80b4-a0e1-2ab0-ec27c17855b3/06UMGIM06926.rgb.jpg/100x100bb.jpg', 'collectionPrice': 9.99, 'collectionExplicitness': 'notExplicit', 'trackCount': 16, 'copyright': 'This Compilation ℗ 2001 The Verve Music Group, a Division of UMG Recordings, Inc.', 'country': 'USA', 'currency': 'USD', 'releaseDate': '1959-05-14T07:00:00Z', 'primaryGenreName': 'Jazz'}
61	101	{'wrapperType': 'collection', 'collectionType': 'Album', 'artistId': 518462, 'collectionId': 1443806118, 'amgArtistId': 52456, 'artistName': 'Louis Armstrong', 'collectionName': 'Louis Under the Stars', 'collectionCensoredName': 'Louis Under the Stars', 'artistViewUrl': 'https://music.apple.com/us/artist/louis-armstrong/518462?uo=4', 'collectionViewUrl': 'https://music.apple.com/us/album/louis-under-the-stars/1443806118?uo=4', 'artworkUrl60': 'https://is1-ssl.mzstatic.com/image/thumb/Music128/v4/03/7a/47/037a47f6-015f-a142-fa3e-f95b4848d134/00602547068521.rgb.jpg/60x60bb.jpg', 'artworkUrl100': 'https://is1-ssl.mzstatic.com/image/thumb/Music128/v4/03/7a/47/037a47f6-015f-a142-fa3e-f95b4848d134/00602547068521.rgb.jpg/100x100bb.jpg', 'collectionPrice': 9.99, 'collectionExplicitness': 'notExplicit', 'trackCount': 10, 'copyright': '℗ 2014 The Verve Music Group, a Division of UMG Recordings, Inc.', 'country': 'USA', 'currency': 'USD', 'releaseDate': '1957-01-01T00:00:00Z', 'primaryGenreName': 'Jazz'}
62	101	{'wrapperType': 'collection', 'collectionType': 'Album', 'artistId': 518462, 'collectionId': 1434915606, 'amgArtistId': 52456, 'artistName': 'Louis Armstrong', 'collectionName': 'Louis Armstrong Sings : Back Through the Years', 'collectionCensoredName': 'Louis Armstrong Sings : Back Through the Years', 'artistViewUrl': 'https://music.apple.com/us/artist/louis-armstrong/518462?uo=4', 'collectionViewUrl': 'https://music.apple.com/us/album/louis-armstrong-sings-back-through-the-years/1434915606?uo=4', 'artworkUrl60': 'https://is1-ssl.mzstatic.com/image/thumb/Music126/v4/e7/49/d6/e749d685-7e9c-8f57-f5d9-cc2f212a1536/06UMGIM00890.rgb.jpg/60x60bb.jpg', 'artworkUrl100': 'https://is1-ssl.mzstatic.com/image/thumb/Music126/v4/e7/49/d6/e749d685-7e9c-8f57-f5d9-cc2f212a1536/06UMGIM00890.rgb.jpg/100x100bb.jpg', 'collectionPrice': 17.99, 'collectionExplicitness': 'notExplicit', 'trackCount': 34, 'copyright': 'A Geffen Records Release; This Compilation ℗ 2000 UMG Recordings, Inc.', 'country': 'USA', 'currency': 'USD', 'releaseDate': '2000-03-21T08:00:00Z', 'primaryGenreName': 'Jazz'}
63	101	{'wrapperType': 'collection', 'collectionType': 'Album', 'artistId': 518462, 'collectionId': 158662145, 'amgArtistId': 52456, 'artistName': 'Louis Armstrong', 'collectionName': 'The Essence of Louis Armstrong', 'collectionCensoredName': 'The Essence of Louis Armstrong', 'artistViewUrl': 'https://music.apple.com/us/artist/louis-armstrong/518462?uo=4', 'collectionViewUrl': 'https://music.apple.com/us/album/the-essence-of-louis-armstrong/158662145?uo=4', 'artworkUrl60': 'https://is1-ssl.mzstatic.com/image/thumb/Music/bb/cf/af/mzi.gakaqpoc.jpg/60x60bb.jpg', 'artworkUrl100': 'https://is1-ssl.mzstatic.com/image/thumb/Music/bb/cf/af/mzi.gakaqpoc.jpg/100x100bb.jpg', 'collectionPrice': 9.99, 'collectionExplicitness': 'notExplicit', 'trackCount': 12, 'copyright': '℗ 1991 Sony Music Entertainment Inc.', 'country': 'USA', 'currency': 'USD', 'releaseDate': '1991-10-11T07:00:00Z', 'primaryGenreName': 'Jazz'}
64	101	{'wrapperType': 'collection', 'collectionType': 'Album', 'artistId': 518462, 'collectionId': 1443198374, 'amgArtistId': 52456, 'artistName': 'Louis Armstrong', 'collectionName': 'Satchmo at Symphony Hall (Live)', 'collectionCensoredName': 'Satchmo at Symphony Hall (Live)', 'artistViewUrl': 'https://music.apple.com/us/artist/louis-armstrong/518462?uo=4', 'collectionViewUrl': 'https://music.apple.com/us/album/satchmo-at-symphony-hall-live/1443198374?uo=4', 'artworkUrl60': 'https://is1-ssl.mzstatic.com/image/thumb/Music128/v4/9b/51/97/9b519762-f6bc-39a3-5936-7aa49f5bf015/00011105066129.rgb.jpg/60x60bb.jpg', 'artworkUrl100': 'https://is1-ssl.mzstatic.com/image/thumb/Music128/v4/9b/51/97/9b519762-f6bc-39a3-5936-7aa49f5bf015/00011105066129.rgb.jpg/100x100bb.jpg', 'collectionPrice': 9.99, 'collectionExplicitness': 'notExplicit', 'trackCount': 15, 'copyright': '℗ 1996 UMG Recordings, Inc.', 'country': 'USA', 'currency': 'USD', 'releaseDate': '1954-01-01T00:00:00Z', 'primaryGenreName': 'Jazz'}
65	101	"{'wrapperType': 'collection', 'collectionType': 'Album', 'artistId': 518462, 'collectionId': 1435198148, 'amgArtistId': 52456, 'artistName': 'Louis Armstrong', 'collectionName': ""Let's Do It: Best of the Verve Years"", 'collectionCensoredName': ""Let's Do It: Best of the Verve Years"", 'artistViewUrl': 'https://music.apple.com/us/artist/louis-armstrong/518462?uo=4', 'collectionViewUrl': 'https://music.apple.com/us/album/lets-do-it-best-of-the-verve-years/1435198148?uo=4', 'artworkUrl60': 'https://is1-ssl.mzstatic.com/image/thumb/Music122/v4/10/c4/68/10c4686d-7aef-adb3-4a38-49d90cb6e590/06UMGIM07574.rgb.jpg/60x60bb.jpg', 'artworkUrl100': 'https://is1-ssl.mzstatic.com/image/thumb/Music122/v4/10/c4/68/10c4686d-7aef-adb3-4a38-49d90cb6e590/06UMGIM07574.rgb.jpg/100x100bb.jpg', 'collectionPrice': 16.99, 'collectionExplicitness': 'notExplicit', 'trackCount': 34, 'copyright': 'A Verve Label Group release; This Compilation ℗ 1995 UMG Recordings, Inc.', 'country': 'USA', 'currency': 'USD', 'releaseDate': '1995-09-26T07:00:00Z', 'primaryGenreName': 'Jazz'}"
66	101	{'wrapperType': 'collection', 'collectionType': 'Album', 'artistId': 518462, 'collectionId': 1475524510, 'amgArtistId': 52456, 'artistName': 'Louis Armstrong', 'collectionName': 'Portrait of the Artist As a Young Man 1923-1934', 'collectionCensoredName': 'Portrait of the Artist As a Young Man 1923-1934', 'artistViewUrl': 'https://music.apple.com/us/artist/louis-armstrong/518462?uo=4', 'collectionViewUrl': 'https://music.apple.com/us/album/portrait-of-the-artist-as-a-young-man-1923-1934/1475524510?uo=4', 'artworkUrl60': 'https://is1-ssl.mzstatic.com/image/thumb/Music124/v4/72/a0/15/72a0150c-aae6-998b-a4bb-89e390822e4d/886447889183.jpg/60x60bb.jpg', 'artworkUrl100': 'https://is1-ssl.mzstatic.com/image/thumb/Music124/v4/72/a0/15/72a0150c-aae6-998b-a4bb-89e390822e4d/886447889183.jpg/100x100bb.jpg', 'collectionPrice': 34.99, 'collectionExplicitness': 'notExplicit', 'trackCount': 81, 'copyright': '℗ This compilation (P) 1994 Sony Music Entertainment', 'country': 'USA', 'currency': 'USD', 'releaseDate': '1994-09-27T07:00:00Z', 'primaryGenreName': 'Jazz'}
67	101	{'wrapperType': 'collection', 'collectionType': 'Album', 'artistId': 518462, 'collectionId': 1165567483, 'amgArtistId': 52456, 'artistName': 'Louis Armstrong', 'collectionName': 'Louis Armstrong Plays W. C. Handy', 'collectionCensoredName': 'Louis Armstrong Plays W. C. Handy', 'artistViewUrl': 'https://music.apple.com/us/artist/louis-armstrong/518462?uo=4', 'collectionViewUrl': 'https://music.apple.com/us/album/louis-armstrong-plays-w-c-handy/1165567483?uo=4', 'artworkUrl60': 'https://is1-ssl.mzstatic.com/image/thumb/Music71/v4/4a/89/ae/4a89aeb0-a896-c7d2-25ec-51161795d43d/886446157481.jpg/60x60bb.jpg', 'artworkUrl100': 'https://is1-ssl.mzstatic.com/image/thumb/Music71/v4/4a/89/ae/4a89aeb0-a896-c7d2-25ec-51161795d43d/886446157481.jpg/100x100bb.jpg', 'collectionPrice': 9.99, 'collectionExplicitness': 'notExplicit', 'trackCount': 11, 'copyright': '℗ Originally Released 1954 Sony Music Entertainment Inc.', 'country': 'USA', 'currency': 'USD', 'releaseDate': '1954-10-01T08:00:00Z', 'primaryGenreName': 'Jazz'}
68	101	{'wrapperType': 'collection', 'collectionType': 'Album', 'artistId': 518462, 'collectionId': 1444079320, 'amgArtistId': 52456, 'artistName': 'Louis Armstrong', 'collectionName': 'Louis for Lovers', 'collectionCensoredName': 'Louis for Lovers', 'artistViewUrl': 'https://music.apple.com/us/artist/louis-armstrong/518462?uo=4', 'collectionViewUrl': 'https://music.apple.com/us/album/louis-for-lovers/1444079320?uo=4', 'artworkUrl60': 'https://is1-ssl.mzstatic.com/image/thumb/Music122/v4/c6/25/b4/c625b415-78ba-47f1-38d8-9dd44ce2c50c/06UMGIM08815.rgb.jpg/60x60bb.jpg', 'artworkUrl100': 'https://is1-ssl.mzstatic.com/image/thumb/Music122/v4/c6/25/b4/c625b415-78ba-47f1-38d8-9dd44ce2c50c/06UMGIM08815.rgb.jpg/100x100bb.jpg', 'collectionPrice': 9.99, 'collectionExplicitness': 'notExplicit', 'trackCount': 10, 'copyright': 'This Compilation ℗ 2003 The Verve Music Group, a Division of UMG Recordings, Inc.', 'country': 'USA', 'currency': 'USD', 'releaseDate': '2003-01-01T08:00:00Z', 'primaryGenreName': 'Jazz'}
69	101	{'wrapperType': 'collection', 'collectionType': 'Album', 'artistId': 518462, 'collectionId': 258590085, 'amgArtistId': 52456, 'artistName': 'Louis Armstrong', 'collectionName': 'Sugar: The Best of the Complete RCA Victor Recordings (Remastered)', 'collectionCensoredName': 'Sugar: The Best of the Complete RCA Victor Recordings (Remastered)', 'artistViewUrl': 'https://music.apple.com/us/artist/louis-armstrong/518462?uo=4', 'collectionViewUrl': 'https://music.apple.com/us/album/sugar-the-best-of-the-complete-rca/258590085?uo=4', 'artworkUrl60': 'https://is1-ssl.mzstatic.com/image/thumb/Features/04/3c/f1/dj.vgogfkgz.jpg/60x60bb.jpg', 'artworkUrl100': 'https://is1-ssl.mzstatic.com/image/thumb/Features/04/3c/f1/dj.vgogfkgz.jpg/100x100bb.jpg', 'collectionPrice': -1.0, 'collectionExplicitness': 'notExplicit', 'trackCount': 16, 'copyright': '℗ 1930, 1947 All Rights Reserved BMG Music', 'country': 'USA', 'currency': 'USD', 'releaseDate': '1999-10-04T07:00:00Z', 'primaryGenreName': 'Jazz'}
70	101	{'wrapperType': 'collection', 'collectionType': 'Album', 'artistId': 518462, 'collectionId': 1443240579, 'amgArtistId': 52456, 'artistName': 'Louis Armstrong', 'collectionName': 'The Decca Singles 1949-1958', 'collectionCensoredName': 'The Decca Singles 1949-1958', 'artistViewUrl': 'https://music.apple.com/us/artist/louis-armstrong/518462?uo=4', 'collectionViewUrl': 'https://music.apple.com/us/album/the-decca-singles-1949-1958/1443240579?uo=4', 'artworkUrl60': 'https://is1-ssl.mzstatic.com/image/thumb/Music126/v4/1e/dd/c5/1eddc592-1d96-d0ec-91df-100ddfbc2162/16UMGIM59587.rgb.jpg/60x60bb.jpg', 'artworkUrl100': 'https://is1-ssl.mzstatic.com/image/thumb/Music126/v4/1e/dd/c5/1eddc592-1d96-d0ec-91df-100ddfbc2162/16UMGIM59587.rgb.jpg/100x100bb.jpg', 'collectionPrice': 49.99, 'collectionExplicitness': 'notExplicit', 'trackCount': 95, 'copyright': 'This Compilation ℗ 2016 The Verve Music Group, a Division of UMG Recordings, Inc.', 'country': 'USA', 'currency': 'USD', 'releaseDate': '2016-01-01T08:00:00Z', 'primaryGenreName': 'Jazz'}
71	101	{'wrapperType': 'collection', 'collectionType': 'Album', 'artistId': 518462, 'collectionId': 1475264667, 'amgArtistId': 52456, 'artistName': 'Louis Armstrong', 'collectionName': 'Live in Europe', 'collectionCensoredName': 'Live in Europe', 'artistViewUrl': 'https://music.apple.com/us/artist/louis-armstrong/518462?uo=4', 'collectionViewUrl': 'https://music.apple.com/us/album/live-in-europe/1475264667?uo=4', 'artworkUrl60': 'https://is1-ssl.mzstatic.com/image/thumb/Music113/v4/9e/3a/2b/9e3a2b7c-df45-25e9-5eee-b2af53beee7a/604043801527_cover.jpg/60x60bb.jpg', 'artworkUrl100': 'https://is1-ssl.mzstatic.com/image/thumb/Music113/v4/9e/3a/2b/9e3a2b7c-df45-25e9-5eee-b2af53beee7a/604043801527_cover.jpg/100x100bb.jpg', 'collectionPrice': 9.99, 'collectionExplicitness': 'notExplicit', 'trackCount': 16, 'copyright': '℗ 2019 Dot Time Legends', 'country': 'USA', 'currency': 'USD', 'releaseDate': '2019-09-27T07:00:00Z', 'primaryGenreName': 'Trad Jazz'}
72	101	"{'wrapperType': 'collection', 'collectionType': 'Album', 'artistId': 518462, 'collectionId': 255376078, 'amgArtistId': 52456, 'artistName': 'Louis Armstrong', 'collectionName': ""Sings and Swings (Bluebird's Best Series) [Remastered]"", 'collectionCensoredName': ""Sings and Swings (Bluebird's Best Series) [Remastered]"", 'artistViewUrl': 'https://music.apple.com/us/artist/louis-armstrong/518462?uo=4', 'collectionViewUrl': 'https://music.apple.com/us/album/sings-and-swings-bluebirds-best-series-remastered/255376078?uo=4', 'artworkUrl60': 'https://is1-ssl.mzstatic.com/image/thumb/Features/v4/69/2a/03/692a0310-b31d-a40b-0a6c-34783a10d9e9/dj.rlczsrfb.jpg/60x60bb.jpg', 'artworkUrl100': 'https://is1-ssl.mzstatic.com/image/thumb/Features/v4/69/2a/03/692a0310-b31d-a40b-0a6c-34783a10d9e9/dj.rlczsrfb.jpg/100x100bb.jpg', 'collectionPrice': 9.99, 'collectionExplicitness': 'notExplicit', 'trackCount': 15, 'copyright': '℗ 2002 BMG', 'country': 'USA', 'currency': 'USD', 'releaseDate': '2002-07-26T07:00:00Z', 'primaryGenreName': 'Jazz'}"
73	101	{'wrapperType': 'collection', 'collectionType': 'Album', 'artistId': 518462, 'collectionId': 158691605, 'amgArtistId': 52456, 'artistName': 'Louis Armstrong and His All-Stars', 'collectionName': 'Louis Armstrong Plays W.C. Handy', 'collectionCensoredName': 'Louis Armstrong Plays W.C. Handy', 'artistViewUrl': 'https://music.apple.com/us/artist/louis-armstrong/518462?uo=4', 'collectionViewUrl': 'https://music.apple.com/us/album/louis-armstrong-plays-w-c-handy/158691605?uo=4', 'artworkUrl60': 'https://is1-ssl.mzstatic.com/image/thumb/Music/b5/5f/98/mzi.rrovafso.jpg/60x60bb.jpg', 'artworkUrl100': 'https://is1-ssl.mzstatic.com/image/thumb/Music/b5/5f/98/mzi.rrovafso.jpg/100x100bb.jpg', 'collectionPrice': 9.99, 'collectionExplicitness': 'notExplicit', 'trackCount': 16, 'copyright': '℗ Originally Released 1954 Sony Music Entertainment Inc.', 'country': 'USA', 'currency': 'USD', 'releaseDate': '1954-06-01T07:00:00Z', 'primaryGenreName': 'Jazz'}
74	101	{'wrapperType': 'collection', 'collectionType': 'Album', 'artistId': 518462, 'collectionId': 193653292, 'amgArtistId': 52456, 'artistName': 'Louis Armstrong', 'collectionName': 'Louis In New York, Vol. 5', 'collectionCensoredName': 'Louis In New York, Vol. 5', 'artistViewUrl': 'https://music.apple.com/us/artist/louis-armstrong/518462?uo=4', 'collectionViewUrl': 'https://music.apple.com/us/album/louis-in-new-york-vol-5/193653292?uo=4', 'artworkUrl60': 'https://is1-ssl.mzstatic.com/image/thumb/Music/db/bd/e5/mzi.emjtgcij.jpg/60x60bb.jpg', 'artworkUrl100': 'https://is1-ssl.mzstatic.com/image/thumb/Music/db/bd/e5/mzi.emjtgcij.jpg/100x100bb.jpg', 'collectionPrice': 9.99, 'collectionExplicitness': 'notExplicit', 'trackCount': 19, 'copyright': '℗ 1990 CBS Records Inc.', 'country': 'USA', 'currency': 'USD', 'releaseDate': '1990-09-21T07:00:00Z', 'primaryGenreName': 'Jazz'}
75	101	{'wrapperType': 'collection', 'collectionType': 'Album', 'artistId': 518462, 'collectionId': 1394391664, 'amgArtistId': 52456, 'artistName': 'Louis Armstrong', 'collectionName': 'Louis Armstrong: Sparks, Nevada 1964! (Live)', 'collectionCensoredName': 'Louis Armstrong: Sparks, Nevada 1964! (Live)', 'artistViewUrl': 'https://music.apple.com/us/artist/louis-armstrong/518462?uo=4', 'collectionViewUrl': 'https://music.apple.com/us/album/louis-armstrong-sparks-nevada-1964-live/1394391664?uo=4', 'artworkUrl60': 'https://is1-ssl.mzstatic.com/image/thumb/Music115/v4/94/8f/ae/948fae5e-f3d3-c54c-9020-fff9ead906a9/604043801121_cover.jpg/60x60bb.jpg', 'artworkUrl100': 'https://is1-ssl.mzstatic.com/image/thumb/Music115/v4/94/8f/ae/948fae5e-f3d3-c54c-9020-fff9ead906a9/604043801121_cover.jpg/100x100bb.jpg', 'collectionPrice': 9.99, 'collectionExplicitness': 'notExplicit', 'trackCount': 11, 'copyright': '℗ 2018 Dot Time Legends', 'country': 'USA', 'currency': 'USD', 'releaseDate': '2018-06-22T07:00:00Z', 'primaryGenreName': 'Jazz'}
76	101	{'wrapperType': 'collection', 'collectionType': 'Album', 'artistId': 518462, 'collectionId': 1027535242, 'amgArtistId': 52456, 'artistName': 'Louis Armstrong and His All-Stars', 'collectionName': 'Happy Birthday Louis! (Live from The Newport Jazz Festival 1960)', 'collectionCensoredName': 'Happy Birthday Louis! (Live from The Newport Jazz Festival 1960)', 'artistViewUrl': 'https://music.apple.com/us/artist/louis-armstrong/518462?uo=4', 'collectionViewUrl': 'https://music.apple.com/us/album/happy-birthday-louis-live-from-the-newport-jazz/1027535242?uo=4', 'artworkUrl60': 'https://is1-ssl.mzstatic.com/image/thumb/Music5/v4/89/ba/2a/89ba2ae7-fd64-8079-f2a1-483edd712229/723918302423.jpg/60x60bb.jpg', 'artworkUrl100': 'https://is1-ssl.mzstatic.com/image/thumb/Music5/v4/89/ba/2a/89ba2ae7-fd64-8079-f2a1-483edd712229/723918302423.jpg/100x100bb.jpg', 'collectionPrice': 9.99, 'collectionExplicitness': 'notExplicit', 'trackCount': 20, 'copyright': '℗ 2015 Omega Classics Digital', 'country': 'USA', 'currency': 'USD', 'releaseDate': '1960-07-01T07:00:00Z', 'primaryGenreName': 'Jazz'}
77	101	{'wrapperType': 'collection', 'collectionType': 'Album', 'artistId': 518462, 'collectionId': 1443216450, 'amgArtistId': 52456, 'artistName': 'Louis Armstrong', 'collectionName': 'Satchmo at Symphony Hall (65th Anniversary - The Complete Performances)', 'collectionCensoredName': 'Satchmo at Symphony Hall (65th Anniversary - The Complete Performances)', 'artistViewUrl': 'https://music.apple.com/us/artist/louis-armstrong/518462?uo=4', 'collectionViewUrl': 'https://music.apple.com/us/album/satchmo-at-symphony-hall-65th-anniversary-the/1443216450?uo=4', 'artworkUrl60': 'https://is1-ssl.mzstatic.com/image/thumb/Music128/v4/42/67/6f/42676f37-a3dc-a6a2-b584-5218f39cbf7e/00602537159062.rgb.jpg/60x60bb.jpg', 'artworkUrl100': 'https://is1-ssl.mzstatic.com/image/thumb/Music128/v4/42/67/6f/42676f37-a3dc-a6a2-b584-5218f39cbf7e/00602537159062.rgb.jpg/100x100bb.jpg', 'collectionPrice': 14.99, 'collectionExplicitness': 'notExplicit', 'trackCount': 30, 'copyright': 'This Compilation ℗ 2012 The Verve Music Group, a Division of UMG Recordings, Inc.', 'country': 'USA', 'currency': 'USD', 'releaseDate': '2012-01-01T08:00:00Z', 'primaryGenreName': 'Jazz'}
78	101	{'wrapperType': 'collection', 'collectionType': 'Album', 'artistId': 518462, 'collectionId': 268465837, 'amgArtistId': 52456, 'artistName': 'Louis Armstrong', 'collectionName': 'A 100th Birthday Celebration (Remastered 1996)', 'collectionCensoredName': 'A 100th Birthday Celebration (Remastered 1996)', 'artistViewUrl': 'https://music.apple.com/us/artist/louis-armstrong/518462?uo=4', 'collectionViewUrl': 'https://music.apple.com/us/album/a-100th-birthday-celebration-remastered-1996/268465837?uo=4', 'artworkUrl60': 'https://is1-ssl.mzstatic.com/image/thumb/Music/34/7e/d5/mzi.nigalswe.jpg/60x60bb.jpg', 'artworkUrl100': 'https://is1-ssl.mzstatic.com/image/thumb/Music/34/7e/d5/mzi.nigalswe.jpg/100x100bb.jpg', 'collectionPrice': -1.0, 'collectionExplicitness': 'notExplicit', 'trackCount': 30, 'copyright': '℗ 2000 BMG Entertainment', 'country': 'USA', 'currency': 'USD', 'releaseDate': '2000-05-26T07:00:00Z', 'primaryGenreName': 'Jazz'}
79	101	{'wrapperType': 'collection', 'collectionType': 'Album', 'artistId': 518462, 'collectionId': 190308986, 'amgArtistId': 52456, 'artistName': 'Louis Armstrong & The Louis Armstrong Orchestra', 'collectionName': 'The Great American Songbook', 'collectionCensoredName': 'The Great American Songbook', 'artistViewUrl': 'https://music.apple.com/us/artist/louis-armstrong/518462?uo=4', 'collectionViewUrl': 'https://music.apple.com/us/album/the-great-american-songbook/190308986?uo=4', 'artworkUrl60': 'https://is1-ssl.mzstatic.com/image/thumb/Features/63/b6/da/dj.btxnuxhb.jpg/60x60bb.jpg', 'artworkUrl100': 'https://is1-ssl.mzstatic.com/image/thumb/Features/63/b6/da/dj.btxnuxhb.jpg/100x100bb.jpg', 'collectionPrice': -1.0, 'collectionExplicitness': 'notExplicit', 'trackCount': 14, 'copyright': '℗ Originally released 1929, 1930, 1931, 1932, 1933, 1947, 1957, 1958. All rights reserved by SONY BMG MUSIC ENTERTAINMENT.(P) Recorded Prior to 1972.  All Rights Reserved by Flying Dutchman.', 'country': 'USA', 'currency': 'USD', 'releaseDate': '2006-08-25T07:00:00Z', 'primaryGenreName': 'Jazz'}
80	101	{'wrapperType': 'collection', 'collectionType': 'Album', 'artistId': 518462, 'collectionId': 1452819264, 'amgArtistId': 52456, 'artistName': 'Louis Armstrong', 'collectionName': 'Satchmo - A Musical Autobiography', 'collectionCensoredName': 'Satchmo - A Musical Autobiography', 'artistViewUrl': 'https://music.apple.com/us/artist/louis-armstrong/518462?uo=4', 'collectionViewUrl': 'https://music.apple.com/us/album/satchmo-a-musical-autobiography/1452819264?uo=4', 'artworkUrl60': 'https://is1-ssl.mzstatic.com/image/thumb/Music125/v4/cb/92/39/cb923972-d770-19aa-fbc3-b1d3b4ea9e14/00731454382229.rgb.jpg/60x60bb.jpg', 'artworkUrl100': 'https://is1-ssl.mzstatic.com/image/thumb/Music125/v4/cb/92/39/cb923972-d770-19aa-fbc3-b1d3b4ea9e14/00731454382229.rgb.jpg/100x100bb.jpg', 'collectionPrice': 24.99, 'collectionExplicitness': 'notExplicit', 'trackCount': 99, 'copyright': 'This Compilation ℗ 2001 The Verve Music Group, a Division of UMG Recordings, Inc.', 'country': 'USA', 'currency': 'USD', 'releaseDate': '1957-01-01T00:00:00Z', 'primaryGenreName': 'Jazz'}
81	101	{'wrapperType': 'collection', 'collectionType': 'Album', 'artistId': 518462, 'collectionId': 1445098760, 'amgArtistId': 52456, 'artistName': 'Louis Armstrong', 'collectionName': 'An American Songbook', 'collectionCensoredName': 'An American Songbook', 'artistViewUrl': 'https://music.apple.com/us/artist/louis-armstrong/518462?uo=4', 'collectionViewUrl': 'https://music.apple.com/us/album/an-american-songbook/1445098760?uo=4', 'artworkUrl60': 'https://is1-ssl.mzstatic.com/image/thumb/Music118/v4/7d/70/0d/7d700d43-38ef-c1e3-8312-56e69e5d65e6/00602577174940.rgb.jpg/60x60bb.jpg', 'artworkUrl100': 'https://is1-ssl.mzstatic.com/image/thumb/Music118/v4/7d/70/0d/7d700d43-38ef-c1e3-8312-56e69e5d65e6/00602577174940.rgb.jpg/100x100bb.jpg', 'collectionPrice': 9.99, 'collectionExplicitness': 'notExplicit', 'trackCount': 12, 'copyright': 'A Verve Label Group Release; This Compilation ℗ 1991 UMG Recordings, Inc.', 'country': 'USA', 'currency': 'USD', 'releaseDate': '1991-10-22T07:00:00Z', 'primaryGenreName': 'Jazz'}
82	101	{'wrapperType': 'collection', 'collectionType': 'Album', 'artistId': 518462, 'collectionId': 1532441659, 'amgArtistId': 52456, 'artistName': 'Louis Armstrong & Fletcher Henderson', 'collectionName': 'Fletcher Henderson and Louis Armstrong 1924-1925', 'collectionCensoredName': 'Fletcher Henderson and Louis Armstrong 1924-1925', 'artistViewUrl': 'https://music.apple.com/us/artist/louis-armstrong/518462?uo=4', 'collectionViewUrl': 'https://music.apple.com/us/album/fletcher-henderson-and-louis-armstrong-1924-1925/1532441659?uo=4', 'artworkUrl60': 'https://is1-ssl.mzstatic.com/image/thumb/Music114/v4/5c/e1/81/5ce181ee-31e5-8d38-7959-559d27d28329/194491160777.jpg/60x60bb.jpg', 'artworkUrl100': 'https://is1-ssl.mzstatic.com/image/thumb/Music114/v4/5c/e1/81/5ce181ee-31e5-8d38-7959-559d27d28329/194491160777.jpg/100x100bb.jpg', 'collectionPrice': 9.99, 'collectionExplicitness': 'notExplicit', 'trackCount': 26, 'copyright': '℗ 1991 Timeless Records', 'country': 'USA', 'currency': 'USD', 'releaseDate': '1991-01-01T00:00:00Z', 'primaryGenreName': 'Jazz'}
83	101	{'wrapperType': 'collection', 'collectionType': 'Album', 'artistId': 518462, 'collectionId': 1443725249, 'amgArtistId': 52456, 'artistName': 'Louis Armstrong', 'collectionName': 'Satchmo at Pasadena (Live)', 'collectionCensoredName': 'Satchmo at Pasadena (Live)', 'artistViewUrl': 'https://music.apple.com/us/artist/louis-armstrong/518462?uo=4', 'collectionViewUrl': 'https://music.apple.com/us/album/satchmo-at-pasadena-live/1443725249?uo=4', 'artworkUrl60': 'https://is1-ssl.mzstatic.com/image/thumb/Music124/v4/5b/ae/94/5bae948c-dc9e-d839-2ada-6ea5a7a149b1/08UMGIM27849.rgb.jpg/60x60bb.jpg', 'artworkUrl100': 'https://is1-ssl.mzstatic.com/image/thumb/Music124/v4/5b/ae/94/5bae948c-dc9e-d839-2ada-6ea5a7a149b1/08UMGIM27849.rgb.jpg/100x100bb.jpg', 'collectionPrice': 9.99, 'collectionExplicitness': 'notExplicit', 'trackCount': 10, 'copyright': '℗ 2008 The Verve Music Group, a Division of UMG Recordings, Inc.', 'country': 'USA', 'currency': 'USD', 'releaseDate': '1951-06-01T07:00:00Z', 'primaryGenreName': 'Jazz'}
84	101	{'wrapperType': 'collection', 'collectionType': 'Album', 'artistId': 518462, 'collectionId': 1444199863, 'amgArtistId': 52456, 'artistName': 'Louis Armstrong', 'collectionName': 'Louis and the Angels', 'collectionCensoredName': 'Louis and the Angels', 'artistViewUrl': 'https://music.apple.com/us/artist/louis-armstrong/518462?uo=4', 'collectionViewUrl': 'https://music.apple.com/us/album/louis-and-the-angels/1444199863?uo=4', 'artworkUrl60': 'https://is1-ssl.mzstatic.com/image/thumb/Music123/v4/50/49/8f/50498fea-9583-9c20-c9b6-135b2a39cb0a/06UMGIM07576.rgb.jpg/60x60bb.jpg', 'artworkUrl100': 'https://is1-ssl.mzstatic.com/image/thumb/Music123/v4/50/49/8f/50498fea-9583-9c20-c9b6-135b2a39cb0a/06UMGIM07576.rgb.jpg/100x100bb.jpg', 'collectionPrice': 9.99, 'collectionExplicitness': 'notExplicit', 'trackCount': 12, 'copyright': '℗ 1957 UMG Recordings, Inc.', 'country': 'USA', 'currency': 'USD', 'releaseDate': '1957-01-01T08:00:00Z', 'primaryGenreName': 'Jazz'}
85	101	{'wrapperType': 'collection', 'collectionType': 'Album', 'artistId': 518462, 'collectionId': 1434274390, 'amgArtistId': 52456, 'artistName': 'Louis Armstrong and The All Stars', 'collectionName': 'The Columbia & RCA Victor Live Recordings, Vol. 1', 'collectionCensoredName': 'The Columbia & RCA Victor Live Recordings, Vol. 1', 'artistViewUrl': 'https://music.apple.com/us/artist/louis-armstrong/518462?uo=4', 'collectionViewUrl': 'https://music.apple.com/us/album/the-columbia-rca-victor-live-recordings-vol-1/1434274390?uo=4', 'artworkUrl60': 'https://is1-ssl.mzstatic.com/image/thumb/Music118/v4/ec/af/2c/ecaf2c16-6581-6062-f14b-715235e06463/886446674582.jpg/60x60bb.jpg', 'artworkUrl100': 'https://is1-ssl.mzstatic.com/image/thumb/Music118/v4/ec/af/2c/ecaf2c16-6581-6062-f14b-715235e06463/886446674582.jpg/100x100bb.jpg', 'collectionPrice': 24.99, 'collectionExplicitness': 'notExplicit', 'trackCount': 51, 'copyright': '℗ This compilation (P) 2014 Sony Music Entertainment', 'country': 'USA', 'currency': 'USD', 'releaseDate': '1958-01-01T08:00:00Z', 'primaryGenreName': 'Jazz'}
86	101	{'wrapperType': 'collection', 'collectionType': 'Album', 'artistId': 518462, 'collectionId': 454751828, 'amgArtistId': 52456, 'artistName': 'Louis Armstrong', 'collectionName': 'St. Louis Blues (Carnegie Hall 1947)', 'collectionCensoredName': 'St. Louis Blues (Carnegie Hall 1947)', 'artistViewUrl': 'https://music.apple.com/us/artist/louis-armstrong/518462?uo=4', 'collectionViewUrl': 'https://music.apple.com/us/album/st-louis-blues-carnegie-hall-1947/454751828?uo=4', 'artworkUrl60': 'https://is1-ssl.mzstatic.com/image/thumb/Music/f3/d2/56/mzi.lzdlzalq.jpg/60x60bb.jpg', 'artworkUrl100': 'https://is1-ssl.mzstatic.com/image/thumb/Music/f3/d2/56/mzi.lzdlzalq.jpg/100x100bb.jpg', 'collectionPrice': 9.99, 'collectionExplicitness': 'notExplicit', 'trackCount': 12, 'copyright': '℗ 1947 1201 Music (Americas) LLC', 'country': 'USA', 'currency': 'USD', 'releaseDate': '1947-09-15T08:00:00Z', 'primaryGenreName': 'Trad Jazz'}
87	101	{'wrapperType': 'collection', 'collectionType': 'Album', 'artistId': 518462, 'collectionId': 293786372, 'amgArtistId': 52456, 'artistName': 'Louis Armstrong', 'collectionName': 'Falling In Love With Louis Armstrong', 'collectionCensoredName': 'Falling In Love With Louis Armstrong', 'artistViewUrl': 'https://music.apple.com/us/artist/louis-armstrong/518462?uo=4', 'collectionViewUrl': 'https://music.apple.com/us/album/falling-in-love-with-louis-armstrong/293786372?uo=4', 'artworkUrl60': 'https://is1-ssl.mzstatic.com/image/thumb/Music/b1/d0/91/mzi.zjvrdgqb.jpg/60x60bb.jpg', 'artworkUrl100': 'https://is1-ssl.mzstatic.com/image/thumb/Music/b1/d0/91/mzi.zjvrdgqb.jpg/100x100bb.jpg', 'collectionPrice': 9.99, 'collectionExplicitness': 'notExplicit', 'trackCount': 16, 'copyright': '℗ 2000, BMG Entertainment', 'country': 'USA', 'currency': 'USD', 'releaseDate': '1999-12-31T08:00:00Z', 'primaryGenreName': 'Jazz'}
88	101	{'wrapperType': 'collection', 'collectionType': 'Album', 'artistId': 518462, 'collectionId': 1442930449, 'amgArtistId': 52456, 'artistName': 'Louis Armstrong', 'collectionName': 'Pete Fountain Presents the Best of Dixieland: Louis Armstrong', 'collectionCensoredName': 'Pete Fountain Presents the Best of Dixieland: Louis Armstrong', 'artistViewUrl': 'https://music.apple.com/us/artist/louis-armstrong/518462?uo=4', 'collectionViewUrl': 'https://music.apple.com/us/album/pete-fountain-presents-the-best-of-dixieland/1442930449?uo=4', 'artworkUrl60': 'https://is1-ssl.mzstatic.com/image/thumb/Music118/v4/ba/a2/3c/baa23cb7-442b-5719-de80-d4bd394c75b1/00731454936323.rgb.jpg/60x60bb.jpg', 'artworkUrl100': 'https://is1-ssl.mzstatic.com/image/thumb/Music118/v4/ba/a2/3c/baa23cb7-442b-5719-de80-d4bd394c75b1/00731454936323.rgb.jpg/100x100bb.jpg', 'collectionPrice': 9.99, 'collectionExplicitness': 'notExplicit', 'trackCount': 15, 'copyright': 'This Compilation ℗ 2001 The Verve Music Group, a Division of UMG Recordings, Inc.', 'country': 'USA', 'currency': 'USD', 'releaseDate': '2001-01-01T08:00:00Z', 'primaryGenreName': 'Jazz'}
89	101	{'wrapperType': 'collection', 'collectionType': 'Album', 'artistId': 518462, 'collectionId': 304759214, 'amgArtistId': 52456, 'artistName': 'Louis Armstrong', 'collectionName': 'Platinum & Gold Collection: Louis Armstrong (Remastered)', 'collectionCensoredName': 'Platinum & Gold Collection: Louis Armstrong (Remastered)', 'artistViewUrl': 'https://music.apple.com/us/artist/louis-armstrong/518462?uo=4', 'collectionViewUrl': 'https://music.apple.com/us/album/platinum-gold-collection-louis-armstrong-remastered/304759214?uo=4', 'artworkUrl60': 'https://is1-ssl.mzstatic.com/image/thumb/Music/e4/38/b2/mzi.dtwcrldd.jpg/60x60bb.jpg', 'artworkUrl100': 'https://is1-ssl.mzstatic.com/image/thumb/Music/e4/38/b2/mzi.dtwcrldd.jpg/100x100bb.jpg', 'collectionPrice': 9.99, 'collectionExplicitness': 'notExplicit', 'trackCount': 12, 'copyright': '℗ 2003 BMG Heritage', 'country': 'USA', 'currency': 'USD', 'releaseDate': '2003-08-18T07:00:00Z', 'primaryGenreName': 'Jazz'}
90	101	{'wrapperType': 'collection', 'collectionType': 'Album', 'artistId': 518462, 'collectionId': 1426743749, 'amgArtistId': 52456, 'artistName': 'Louis Armstrong', 'collectionName': 'The Standard Oil Sessions (Live)', 'collectionCensoredName': 'The Standard Oil Sessions (Live)', 'artistViewUrl': 'https://music.apple.com/us/artist/louis-armstrong/518462?uo=4', 'collectionViewUrl': 'https://music.apple.com/us/album/the-standard-oil-sessions-live/1426743749?uo=4', 'artworkUrl60': 'https://is1-ssl.mzstatic.com/image/thumb/Music128/v4/b5/67/ba/b567ba85-209a-011a-ec2d-c78ba6a220cf/604043800520_cover.jpg/60x60bb.jpg', 'artworkUrl100': 'https://is1-ssl.mzstatic.com/image/thumb/Music128/v4/b5/67/ba/b567ba85-209a-011a-ec2d-c78ba6a220cf/604043800520_cover.jpg/100x100bb.jpg', 'collectionPrice': 9.99, 'collectionExplicitness': 'notExplicit', 'trackCount': 11, 'copyright': '℗ 2017 Dot Time Legends', 'country': 'USA', 'currency': 'USD', 'releaseDate': '2017-05-22T07:00:00Z', 'primaryGenreName': 'Jazz'}
91	101	{'wrapperType': 'collection', 'collectionType': 'Album', 'artistId': 518462, 'collectionId': 1434274831, 'amgArtistId': 52456, 'artistName': 'Louis Armstrong and The All Stars', 'collectionName': 'The Columbia & RCA Victor Live Recordings, Vol. 3', 'collectionCensoredName': 'The Columbia & RCA Victor Live Recordings, Vol. 3', 'artistViewUrl': 'https://music.apple.com/us/artist/louis-armstrong/518462?uo=4', 'collectionViewUrl': 'https://music.apple.com/us/album/the-columbia-rca-victor-live-recordings-vol-3/1434274831?uo=4', 'artworkUrl60': 'https://is1-ssl.mzstatic.com/image/thumb/Music118/v4/0f/c7/b2/0fc7b2f5-fbc4-ac80-738d-9bd05ba8e74a/886446684086.jpg/60x60bb.jpg', 'artworkUrl100': 'https://is1-ssl.mzstatic.com/image/thumb/Music118/v4/0f/c7/b2/0fc7b2f5-fbc4-ac80-738d-9bd05ba8e74a/886446684086.jpg/100x100bb.jpg', 'collectionPrice': 24.99, 'collectionExplicitness': 'notExplicit', 'trackCount': 57, 'copyright': '℗ This compilation (P) 2018 Sony Music Entertainment', 'country': 'USA', 'currency': 'USD', 'releaseDate': '1958-01-01T08:00:00Z', 'primaryGenreName': 'Jazz'}
92	101	{'wrapperType': 'collection', 'collectionType': 'Album', 'artistId': 518462, 'collectionId': 1442906874, 'amgArtistId': 52456, 'artistName': 'Louis Armstrong', 'collectionName': 'I Love Jazz ((Remastered))', 'collectionCensoredName': 'I Love Jazz ((Remastered))', 'artistViewUrl': 'https://music.apple.com/us/artist/louis-armstrong/518462?uo=4', 'collectionViewUrl': 'https://music.apple.com/us/album/i-love-jazz-remastered/1442906874?uo=4', 'artworkUrl60': 'https://is1-ssl.mzstatic.com/image/thumb/Music118/v4/a9/ef/49/a9ef49eb-319a-84aa-0fc3-8ca5489aefd9/00731454374729.rgb.jpg/60x60bb.jpg', 'artworkUrl100': 'https://is1-ssl.mzstatic.com/image/thumb/Music118/v4/a9/ef/49/a9ef49eb-319a-84aa-0fc3-8ca5489aefd9/00731454374729.rgb.jpg/100x100bb.jpg', 'collectionPrice': 9.99, 'collectionExplicitness': 'notExplicit', 'trackCount': 9, 'copyright': 'This Compilation ℗ 2000 The Verve Music Group, a Division of UMG Recordings, Inc.', 'country': 'USA', 'currency': 'USD', 'releaseDate': '1962-01-01T08:00:00Z', 'primaryGenreName': 'Jazz'}
93	101	"{'wrapperType': 'collection', 'collectionType': 'Album', 'artistId': 518462, 'collectionId': 693616232, 'amgArtistId': 52456, 'artistName': 'Louis Armstrong', 'collectionName': ""Swingin' Hits"", 'collectionCensoredName': ""Swingin' Hits"", 'artistViewUrl': 'https://music.apple.com/us/artist/louis-armstrong/518462?uo=4', 'collectionViewUrl': 'https://music.apple.com/us/album/swingin-hits/693616232?uo=4', 'artworkUrl60': 'https://is1-ssl.mzstatic.com/image/thumb/Music117/v4/dd/af/c9/ddafc98e-c0ac-afa5-1170-a34fe6fa1962/015707050357.jpg/60x60bb.jpg', 'artworkUrl100': 'https://is1-ssl.mzstatic.com/image/thumb/Music117/v4/dd/af/c9/ddafc98e-c0ac-afa5-1170-a34fe6fa1962/015707050357.jpg/100x100bb.jpg', 'collectionPrice': 8.91, 'collectionExplicitness': 'notExplicit', 'trackCount': 9, 'copyright': '℗ 2006 Vanguard. All Rights Reserved. Unauthorized Reproduction is a Violation of Applicable Laws.', 'country': 'USA', 'currency': 'USD', 'releaseDate': '1994-01-01T00:00:00Z', 'primaryGenreName': 'Jazz'}"
94	101	{'wrapperType': 'collection', 'collectionType': 'Album', 'artistId': 518462, 'collectionId': 299672884, 'amgArtistId': 52456, 'artistName': 'Louis Armstrong', 'collectionName': 'Louis Armstrong: More Greatest Hits', 'collectionCensoredName': 'Louis Armstrong: More Greatest Hits', 'artistViewUrl': 'https://music.apple.com/us/artist/louis-armstrong/518462?uo=4', 'collectionViewUrl': 'https://music.apple.com/us/album/louis-armstrong-more-greatest-hits/299672884?uo=4', 'artworkUrl60': 'https://is1-ssl.mzstatic.com/image/thumb/Music/49/37/83/mzi.ibhibunz.jpg/60x60bb.jpg', 'artworkUrl100': 'https://is1-ssl.mzstatic.com/image/thumb/Music/49/37/83/mzi.ibhibunz.jpg/100x100bb.jpg', 'collectionPrice': -1.0, 'collectionExplicitness': 'notExplicit', 'trackCount': 18, 'copyright': '℗ P: 1998, BMG Entertainment', 'country': 'USA', 'currency': 'USD', 'releaseDate': '1990-01-01T08:00:00Z', 'primaryGenreName': 'Jazz'}
95	101	{'wrapperType': 'collection', 'collectionType': 'Album', 'artistId': 518462, 'collectionId': 1621356609, 'amgArtistId': 52456, 'artistName': 'Louis Armstrong', 'collectionName': 'Louis Armstrong and His Friends', 'collectionCensoredName': 'Louis Armstrong and His Friends', 'artistViewUrl': 'https://music.apple.com/us/artist/louis-armstrong/518462?uo=4', 'collectionViewUrl': 'https://music.apple.com/us/album/louis-armstrong-and-his-friends/1621356609?uo=4', 'artworkUrl60': 'https://is1-ssl.mzstatic.com/image/thumb/Music221/v4/4c/ae/72/4cae7251-e168-3548-aad0-bb91394d569d/29667059589.jpg/60x60bb.jpg', 'artworkUrl100': 'https://is1-ssl.mzstatic.com/image/thumb/Music221/v4/4c/ae/72/4cae7251-e168-3548-aad0-bb91394d569d/29667059589.jpg/100x100bb.jpg', 'collectionPrice': 9.99, 'collectionExplicitness': 'notExplicit', 'trackCount': 10, 'copyright': '℗ 2014 Ace Records', 'country': 'USA', 'currency': 'USD', 'releaseDate': '1970-01-01T08:00:00Z', 'primaryGenreName': 'Jazz'}
96	101	{'wrapperType': 'collection', 'collectionType': 'Album', 'artistId': 518462, 'collectionId': 1445667039, 'amgArtistId': 52456, 'artistName': 'Louis Armstrong', 'collectionName': 'Louis', 'collectionCensoredName': 'Louis', 'artistViewUrl': 'https://music.apple.com/us/artist/louis-armstrong/518462?uo=4', 'collectionViewUrl': 'https://music.apple.com/us/album/louis/1445667039?uo=4', 'artworkUrl60': 'https://is1-ssl.mzstatic.com/image/thumb/Music128/v4/44/b2/e8/44b2e83c-e11b-f62a-030c-76d1e578c064/00602557615210.rgb.jpg/60x60bb.jpg', 'artworkUrl100': 'https://is1-ssl.mzstatic.com/image/thumb/Music128/v4/44/b2/e8/44b2e83c-e11b-f62a-030c-76d1e578c064/00602557615210.rgb.jpg/100x100bb.jpg', 'collectionPrice': 9.99, 'collectionExplicitness': 'notExplicit', 'trackCount': 12, 'copyright': '℗ 2017 Verve Label Group, a Division of UMG Recordings, Inc.', 'country': 'USA', 'currency': 'USD', 'releaseDate': '1966-06-01T07:00:00Z', 'primaryGenreName': 'Jazz'}
97	101	{'wrapperType': 'collection', 'collectionType': 'Album', 'artistId': 518462, 'collectionId': 159085964, 'amgArtistId': 52456, 'artistName': 'Louis Armstrong', 'collectionName': 'Jazz Moods - Hot', 'collectionCensoredName': 'Jazz Moods - Hot', 'artistViewUrl': 'https://music.apple.com/us/artist/louis-armstrong/518462?uo=4', 'collectionViewUrl': 'https://music.apple.com/us/album/jazz-moods-hot/159085964?uo=4', 'artworkUrl60': 'https://is1-ssl.mzstatic.com/image/thumb/Music/d2/2a/fe/mzi.kqvaclkn.jpg/60x60bb.jpg', 'artworkUrl100': 'https://is1-ssl.mzstatic.com/image/thumb/Music/d2/2a/fe/mzi.kqvaclkn.jpg/100x100bb.jpg', 'collectionPrice': 9.99, 'collectionExplicitness': 'notExplicit', 'trackCount': 14, 'copyright': '℗ Originally Released 1926, 1927, 1928, 1929, 1941, (P) 2005 SONY BMG MUSIC ENTERTAINMENT', 'country': 'USA', 'currency': 'USD', 'releaseDate': '2005-04-04T07:00:00Z', 'primaryGenreName': 'Jazz'}
98	101	{'wrapperType': 'collection', 'collectionType': 'Album', 'artistId': 518462, 'collectionId': 1444070460, 'amgArtistId': 52456, 'artistName': 'Louis Armstrong', 'collectionName': 'Mack the Knife (Live)', 'collectionCensoredName': 'Mack the Knife (Live)', 'artistViewUrl': 'https://music.apple.com/us/artist/louis-armstrong/518462?uo=4', 'collectionViewUrl': 'https://music.apple.com/us/album/mack-the-knife-live/1444070460?uo=4', 'artworkUrl60': 'https://is1-ssl.mzstatic.com/image/thumb/Music128/v4/09/b1/4c/09b14cdf-cf32-040f-9c45-80e154686a0a/00025218094122.rgb.jpg/60x60bb.jpg', 'artworkUrl100': 'https://is1-ssl.mzstatic.com/image/thumb/Music128/v4/09/b1/4c/09b14cdf-cf32-040f-9c45-80e154686a0a/00025218094122.rgb.jpg/100x100bb.jpg', 'collectionPrice': 9.99, 'collectionExplicitness': 'notExplicit', 'trackCount': 11, 'copyright': '℗ 1957 Pablo Records', 'country': 'USA', 'currency': 'USD', 'releaseDate': '1957-01-01T08:00:00Z', 'primaryGenreName': 'Jazz'}
99	101	{'wrapperType': 'collection', 'collectionType': 'Album', 'artistId': 518462, 'collectionId': 1426601992, 'amgArtistId': 52456, 'artistName': 'Louis Armstrong', 'collectionName': 'The Night Clubs (Live)', 'collectionCensoredName': 'The Night Clubs (Live)', 'artistViewUrl': 'https://music.apple.com/us/artist/louis-armstrong/518462?uo=4', 'collectionViewUrl': 'https://music.apple.com/us/album/the-night-clubs-live/1426601992?uo=4', 'artworkUrl60': 'https://is1-ssl.mzstatic.com/image/thumb/Music128/v4/bf/b9/f5/bfb9f579-ddf3-73b3-b248-8a3813aefcfb/604043800827_cover.jpg/60x60bb.jpg', 'artworkUrl100': 'https://is1-ssl.mzstatic.com/image/thumb/Music128/v4/bf/b9/f5/bfb9f579-ddf3-73b3-b248-8a3813aefcfb/604043800827_cover.jpg/100x100bb.jpg', 'collectionPrice': 9.99, 'collectionExplicitness': 'notExplicit', 'trackCount': 16, 'copyright': '℗ 2017 Dot Time Legends', 'country': 'USA', 'currency': 'USD', 'releaseDate': '2017-11-17T08:00:00Z', 'primaryGenreName': 'Jazz'}
100	101	{'wrapperType': 'collection', 'collectionType': 'Album', 'artistId': 518462, 'collectionId': 1632108651, 'amgArtistId': 52456, 'artistName': 'Louis Armstrong', 'collectionName': 'The Decca Singles 1935-1946', 'collectionCensoredName': 'The Decca Singles 1935-1946', 'artistViewUrl': 'https://music.apple.com/us/artist/louis-armstrong/518462?uo=4', 'collectionViewUrl': 'https://music.apple.com/us/album/the-decca-singles-1935-1946/1632108651?uo=4', 'artworkUrl60': 'https://is1-ssl.mzstatic.com/image/thumb/Music112/v4/f2/fe/8a/f2fe8ac8-5076-9b38-7aec-1ef2babe5b94/17UM1IM10946.rgb.jpg/60x60bb.jpg', 'artworkUrl100': 'https://is1-ssl.mzstatic.com/image/thumb/Music112/v4/f2/fe/8a/f2fe8ac8-5076-9b38-7aec-1ef2babe5b94/17UM1IM10946.rgb.jpg/100x100bb.jpg', 'collectionPrice': 69.99, 'collectionExplicitness': 'notExplicit', 'trackCount': 136, 'copyright': 'A Verve Label Group Release; ℗ 2017 UMG Recordings, Inc.', 'country': 'USA', 'currency': 'USD', 'releaseDate': '2017-08-04T07:00:00Z', 'primaryGenreName': 'Jazz'}
